X,Y,Z
-38.49,-93.98,-20.66
-38.49,-93.96,-20.66
-38.5,-93.96,-20.66
-38.5,-93.96,-20.66
-38.5,-93.94,-20.66
-38.51,-93.92,-20.66
-38.51,-93.92,-20.66
-38.51,-93.9,-20.66
-38.51,-93.89,-20.66
-38.51,-93.89,-20.66
-38.52,-93.87,-20.76
-38.52,-93.85,-20.76
-38.53,-93.85,-20.76
-38.53,-93.83,-20.76
-38.54,-93.81,-20.76
-38.54,-93.81,-20.76
-38.55,-93.79,-20.76
-38.55,-93.79,-20.76
-38.55,-93.77,-20.76
-38.56,-93.77,-20.76
-38.56,-93.76,-20.76
-38.57,-93.74,-20.76
-38.57,-93.74,-20.76
-38.56,-93.74,-20.76
-38.55,-93.76,-20.76
-38.53,-93.77,-20.76
-38.52,-93.81,-20.76
-38.48,-93.87,-20.76
-38.46,-93.94,-20.76
-38.41,-94.02,-20.76
-38.37,-94.13,-20.76
-38.32,-94.24,-20.86
-38.25,-94.33,-20.86
-38.19,-94.46,-20.86
-38.11,-94.63,-20.86
-38.04,-94.74,-20.86
-37.96,-94.87,-20.86
-37.87,-95.02,-20.86
-37.79,-95.17,-20.96
-37.71,-95.33,-20.96
-37.61,-95.48,-20.96
-37.52,-95.63,-21.06
-37.41,-95.8,-21.06
-37.32,-95.95,-21.16
-37.21,-96.11,-21.16
-37.11,-96.28,-21.16
-37.0,-96.45,-21.26
-36.89,-96.61,-21.26
-36.77,-96.78,-21.26
-36.67,-96.95,-21.36
-36.55,-97.12,-21.36
-36.44,-97.28,-21.36
-36.33,-97.43,-21.46
-36.23,-97.6,-21.46
-36.14,-97.77,-21.46
-36.04,-97.93,-21.56
-35.95,-98.12,-21.56
-35.87,-98.29,-21.56
-35.78,-98.47,-21.56
-35.7,-98.64,-21.66
-35.62,-98.82,-21.66
-35.55,-98.99,-21.66
-35.48,-99.18,-21.76
-35.41,-99.36,-21.76
-35.33,-99.53,-21.76
-35.25,-99.7,-21.76
-35.18,-99.88,-21.86
-35.1,-100.05,-21.86
-35.03,-100.22,-21.86
-34.96,-100.38,-21.96
-34.88,-100.55,-21.96
-34.8,-100.72,-21.96
-34.72,-100.88,-21.96
-34.66,-101.05,-21.96
-34.58,-101.22,-22.06
-34.51,-101.39,-22.06
-34.43,-101.55,-22.06
-34.36,-101.7,-22.06
-34.27,-101.87,-22.06
-34.21,-102.02,-22.16
-34.13,-102.2,-22.16
-34.06,-102.35,-22.16
-33.99,-102.48,-22.16
-33.92,-102.59,-22.16
-33.85,-102.72,-22.16
-33.8,-102.85,-22.16
-33.73,-102.96,-22.16
-33.65,-103.09,-22.16
-33.59,-103.26,-22.16
-33.52,-103.39,-22.16
-33.45,-103.5,-22.16
-33.4,-103.63,-22.26
-33.33,-103.78,-22.26
-33.27,-103.93,-22.26
-33.21,-104.06,-22.26
-33.14,-104.19,-22.26
-33.08,-104.34,-22.26
-33.03,-104.47,-22.26
-32.97,-104.6,-22.26
-32.9,-104.75,-22.26
-32.84,-104.88,-22.26
-32.78,-105.01,-22.26
-32.72,-105.15,-22.26
-32.66,-105.28,-22.26
-32.61,-105.43,-22.26
-32.55,-105.56,-22.26
-32.49,-105.69,-22.26
-32.43,-105.84,-22.26
-32.37,-105.97,-22.26
-32.31,-106.12,-22.26
-32.25,-106.25,-22.36
-32.19,-106.4,-22.36
-32.13,-106.53,-22.36
-32.07,-106.68,-22.36
-31.99,-106.81,-22.36
-31.93,-106.94,-22.36
-31.86,-107.07,-22.36
-31.8,-107.21,-22.36
-31.75,-107.34,-22.36
-31.69,-107.49,-22.36
-31.63,-107.62,-22.36
-31.57,-107.77,-22.36
-31.51,-107.9,-22.36
-31.45,-108.03,-22.36
-31.39,-108.18,-22.36
-31.33,-108.31,-22.36
-31.27,-108.44,-22.36
-31.21,-108.57,-22.36
-31.14,-108.72,-22.36
-31.08,-108.85,-22.46
-31.01,-108.98,-22.46
-30.96,-109.13,-22.46
-30.9,-109.26,-22.46
-30.83,-109.39,-22.46
-30.77,-109.53,-22.46
-30.7,-109.66,-22.46
-30.64,-109.79,-22.46
-30.58,-109.94,-22.46
-30.52,-110.07,-22.46
-30.45,-110.22,-22.46
-30.38,-110.35,-22.46
-30.31,-110.5,-22.46
-30.23,-110.65,-22.46
-30.17,-110.8,-22.46
-30.09,-110.96,-22.46
-30.0,-111.13,-22.46
-29.92,-111.3,-22.46
-29.84,-111.47,-22.46
-29.76,-111.63,-22.46
-29.67,-111.82,-22.46
-29.58,-111.99,-22.56
-29.49,-112.17,-22.46
-29.4,-112.34,-22.56
-29.32,-112.51,-22.56
-29.22,-112.69,-22.56
-29.13,-112.86,-22.56
-29.04,-113.04,-22.56
-28.97,-113.23,-22.56
-28.91,-113.41,-22.56
-28.83,-113.6,-22.56
-28.77,-113.79,-22.56
-28.7,-113.97,-22.56
-28.65,-114.16,-22.56
-28.59,-114.36,-22.56
-28.55,-114.55,-22.56
-28.52,-114.73,-22.56
-28.48,-114.94,-22.56
-28.45,-115.14,-22.56
-28.45,-115.33,-22.56
-28.45,-115.53,-22.56
-28.46,-115.74,-22.56
-28.48,-115.92,-22.56
-28.52,-116.13,-22.56
-28.55,-116.31,-22.56
-28.6,-116.5,-22.56
-28.66,-116.68,-22.56
-28.74,-116.87,-22.56
-28.83,-117.03,-22.56
-28.92,-117.2,-22.56
-29.02,-117.37,-22.56
-29.14,-117.52,-22.56
-29.26,-117.68,-22.56
-29.38,-117.83,-22.56
-29.52,-117.96,-22.56
-29.67,-118.09,-22.56
-29.82,-118.22,-22.56
-29.99,-118.33,-22.56
-30.15,-118.46,-22.56
-30.3,-118.58,-22.56
-30.48,-118.69,-22.56
-30.64,-118.8,-22.56
-30.82,-118.91,-22.56
-30.99,-119.0,-22.56
-31.17,-119.11,-22.56
-31.35,-119.21,-22.56
-31.51,-119.32,-22.56
-31.69,-119.41,-22.56
-31.86,-119.52,-22.56
-32.04,-119.62,-22.56
-32.21,-119.73,-22.56
-32.38,-119.82,-22.56
-32.55,-119.95,-22.56
-32.72,-120.04,-22.56
-32.88,-120.15,-22.56
-33.04,-120.28,-22.56
-33.21,-120.39,-22.56
-33.38,-120.52,-22.56
-33.54,-120.64,-22.56
-33.72,-120.73,-22.56
-33.89,-120.84,-22.56
-34.06,-120.95,-22.56
-34.24,-121.06,-22.56
-34.41,-121.17,-22.56
-34.58,-121.29,-22.56
-34.75,-121.38,-22.56
-34.93,-121.49,-22.56
-35.1,-121.6,-22.56
-35.27,-121.71,-22.56
-35.45,-121.81,-22.56
-35.62,-121.92,-22.56
-35.8,-122.03,-22.56
-35.96,-122.14,-22.56
-36.14,-122.23,-22.56
-36.31,-122.34,-22.56
-36.49,-122.46,-22.56
-36.67,-122.55,-22.56
-36.83,-122.66,-22.66
-37.01,-122.75,-22.56
-37.18,-122.85,-22.66
-37.36,-122.96,-22.66
-37.54,-123.05,-22.66
-37.71,-123.14,-22.66
-37.89,-123.25,-22.66
-38.06,-123.37,-22.66
-38.25,-123.46,-22.66
-38.42,-123.55,-22.66
-38.6,-123.64,-22.66
-38.77,-123.76,-22.66
-38.95,-123.85,-22.66
-39.13,-123.96,-22.66
-39.31,-124.05,-22.66
-39.49,-124.14,-22.66
-39.66,-124.24,-22.66
-39.84,-124.35,-22.66
-40.02,-124.44,-22.66
-40.2,-124.53,-22.66
-40.38,-124.65,-22.66
-40.56,-124.74,-22.66
-40.74,-124.83,-22.66
-40.92,-124.92,-22.76
-41.11,-125.04,-22.76
-41.28,-125.13,-22.76
-41.46,-125.24,-22.76
-41.62,-125.35,-22.76
-41.79,-125.46,-22.76
-41.96,-125.59,-22.76
-42.12,-125.72,-22.76
-42.28,-125.85,-22.76
-42.45,-125.98,-22.76
-42.6,-126.11,-22.76
-42.76,-126.26,-22.76
-42.91,-126.39,-22.76
-43.06,-126.54,-22.76
-43.21,-126.69,-22.76
-43.34,-126.84,-22.76
-43.5,-126.99,-22.86
-43.64,-127.15,-22.86
-43.77,-127.3,-22.86
-43.9,-127.45,-22.86
-44.04,-127.62,-22.86
-44.15,-127.8,-22.86
-44.28,-127.95,-22.86
-44.4,-128.14,-22.86
-44.51,-128.3,-22.86
-44.63,-128.47,-22.86
-44.74,-128.64,-22.96
-44.85,-128.82,-22.96
-44.95,-128.99,-22.96
-45.04,-129.18,-22.96
-45.15,-129.36,-22.96
-45.24,-129.55,-22.96
-45.32,-129.73,-22.96
-45.4,-129.92,-22.96
-45.48,-130.12,-22.96
-45.56,-130.31,-22.96
-45.63,-130.49,-22.96
-45.7,-130.7,-22.96
-45.76,-130.88,-23.06
-45.82,-131.07,-23.06
-45.88,-131.27,-23.06
-45.94,-131.48,-23.06
-45.99,-131.66,-23.06
-46.03,-131.87,-23.06
-46.07,-132.07,-23.06
-46.09,-132.26,-23.06
-46.11,-132.46,-23.06
-46.14,-132.67,-23.06
-46.14,-132.87,-23.06
-46.14,-133.06,-23.16
-46.15,-133.26,-23.16
-46.14,-133.46,-23.16
-46.14,-133.67,-23.16
-46.13,-133.87,-23.16
-46.12,-134.06,-23.16
-46.1,-134.26,-23.16
-46.1,-134.47,-23.16
-46.07,-134.67,-23.16
-46.05,-134.87,-23.16
-46.03,-135.08,-23.16
-46.0,-135.28,-23.16
-45.97,-135.49,-23.16
-45.94,-135.69,-23.16
-45.9,-135.9,-23.16
-45.87,-136.1,-23.26
-45.82,-136.29,-23.16
-45.79,-136.51,-23.26
-45.74,-136.69,-23.26
-45.7,-136.9,-23.26
-45.65,-137.1,-23.26
-45.59,-137.31,-23.26
-45.55,-137.51,-23.26
-45.49,-137.7,-23.26
-45.44,-137.9,-23.26
-45.38,-138.11,-23.26
-45.33,-138.29,-23.26
-45.29,-138.49,-23.26
-45.23,-138.68,-23.26
-45.16,-138.88,-23.26
-45.11,-139.09,-23.26
-45.05,-139.27,-23.26
-44.98,-139.48,-23.26
-44.92,-139.66,-23.26
-44.87,-139.85,-23.26
-44.8,-140.05,-23.26
-44.74,-140.24,-23.26
-44.68,-140.44,-23.26
-44.6,-140.63,-23.26
-44.54,-140.83,-23.26
-44.48,-141.02,-23.26
-44.4,-141.21,-23.26
-44.34,-141.39,-23.26
-44.28,-141.6,-23.26
-44.2,-141.78,-23.26
-44.13,-141.97,-23.26
-44.06,-142.15,-23.26
-43.98,-142.36,-23.26
-43.91,-142.54,-23.26
-43.83,-142.73,-23.36
-43.75,-142.91,-23.36
-43.68,-143.12,-23.36
-43.6,-143.3,-23.36
-43.52,-143.49,-23.36
-43.44,-143.67,-23.36
-43.37,-143.84,-23.36
-43.28,-144.05,-23.36
-43.21,-144.23,-23.36
-43.13,-144.42,-23.36
-43.04,-144.6,-23.36
-42.96,-144.79,-23.36
-42.87,-144.96,-23.36
-42.8,-145.16,-23.36
-42.71,-145.33,-23.36
-42.64,-145.51,-23.36
-42.58,-145.72,-23.36
-42.51,-145.9,-23.46
-42.46,-146.09,-23.46
-42.4,-146.29,-23.46
-42.34,-146.48,-23.46
-42.29,-146.68,-23.46
-42.23,-146.87,-23.46
-42.18,-147.05,-23.46
-42.13,-147.26,-23.46
-42.09,-147.46,-23.56
-42.05,-147.65,-23.56
-42.02,-147.85,-23.56
-41.98,-148.04,-23.56
-41.95,-148.24,-23.56
-41.9,-148.45,-23.56
-41.85,-148.65,-23.56
-41.81,-148.84,-23.56
-41.76,-149.04,-23.56
-41.72,-149.22,-23.56
-41.67,-149.45,-23.56
-41.63,-149.63,-23.56
-41.58,-149.84,-23.56
-41.52,-150.02,-23.56
-41.44,-150.21,-23.66
-41.36,-150.39,-23.56
-41.28,-150.58,-23.66
-41.19,-150.75,-23.66
-41.08,-150.91,-23.66
-40.95,-151.06,-23.66
-40.83,-151.23,-23.66
-40.69,-151.38,-23.66
-40.55,-151.51,-23.66
-40.41,-151.64,-23.66
-40.27,-151.77,-23.66
-40.14,-151.92,-23.66
-40.0,-152.07,-23.66
-39.87,-152.2,-23.66
-39.73,-152.34,-23.66
-39.59,-152.46,-23.76
-39.42,-152.55,-23.76
-39.26,-152.64,-23.76
-39.12,-152.79,-23.76
-38.99,-152.94,-23.76
-38.88,-153.09,-23.76
-38.78,-153.25,-23.76
-38.7,-153.42,-23.76
-38.62,-153.61,-23.76
-38.56,-153.77,-23.76
-38.5,-153.96,-23.76
-38.46,-154.16,-23.76
-38.43,-154.35,-23.76
-38.43,-154.53,-23.86
-38.43,-154.74,-23.76
-38.44,-154.94,-23.86
-38.47,-155.15,-23.86
-38.5,-155.33,-23.86
-38.54,-155.52,-23.86
-38.6,-155.72,-23.86
-38.66,-155.91,-23.86
-38.72,-156.09,-23.86
-38.78,-156.28,-23.86
-38.83,-156.48,-23.86
-38.89,-156.67,-23.86
-38.91,-156.87,-23.86
-38.93,-157.06,-23.86
-38.92,-157.26,-23.86
-38.9,-157.45,-23.96
-38.87,-157.65,-23.96
-38.83,-157.84,-23.96
-38.78,-158.02,-23.96
-38.73,-158.21,-23.96
-38.66,-158.4,-23.96
-38.57,-158.58,-23.96
-38.48,-158.75,-23.96
-38.38,-158.92,-23.96
-38.26,-159.06,-23.96
-38.13,-159.21,-23.96
-37.99,-159.36,-23.96
-37.85,-159.49,-23.96
-37.7,-159.6,-23.96
-37.55,-159.71,-23.96
-37.39,-159.81,-23.96
-37.22,-159.9,-23.96
-37.06,-159.97,-23.96
-36.89,-160.07,-23.96
-36.73,-160.18,-23.96
-36.56,-160.27,-23.96
-36.41,-160.38,-23.96
-36.28,-160.53,-23.96
-36.16,-160.68,-23.96
-36.04,-160.83,-23.96
-35.94,-160.99,-23.96
-35.87,-161.16,-23.96
-35.79,-161.33,-23.96
-35.73,-161.51,-23.96
-35.68,-161.7,-23.96
-35.65,-161.89,-23.96
-35.62,-162.07,-23.96
-35.61,-162.26,-24.06
-35.62,-162.46,-24.06
-35.64,-162.67,-24.06
-35.68,-162.83,-24.06
-35.73,-163.04,-24.06
-35.79,-163.22,-24.06
-35.79,-163.43,-24.06
-35.79,-163.61,-24.06
-35.77,-163.8,-24.06
-35.73,-163.98,-24.06
-35.69,-164.19,-24.06
-35.65,-164.37,-24.06
-35.63,-164.58,-24.06
-35.59,-164.78,-24.06
-35.56,-164.97,-24.06
-35.52,-165.17,-24.06
-35.5,-165.38,-24.06
-35.46,-165.56,-24.16
-35.42,-165.77,-24.06
-35.38,-165.95,-24.16
-35.34,-166.16,-24.16
-35.29,-166.36,-24.16
-35.24,-166.55,-24.16
-35.2,-166.75,-24.16
-35.14,-166.94,-24.16
-35.09,-167.14,-24.16
-35.04,-167.33,-24.16
-34.99,-167.53,-24.16
-34.93,-167.71,-24.16
-34.88,-167.92,-24.16
-34.82,-168.1,-24.16
-34.77,-168.31,-24.16
-34.72,-168.49,-24.16
-34.67,-168.7,-24.16
-34.62,-168.9,-24.16
-34.56,-169.09,-24.16
-34.51,-169.29,-24.16
-34.46,-169.5,-24.16
-34.4,-169.68,-24.16
-34.34,-169.89,-24.16
-34.29,-170.07,-24.26
-34.24,-170.28,-24.26
-34.19,-170.48,-24.26
-34.14,-170.69,-24.26
-34.08,-170.87,-24.26
-34.02,-171.08,-24.26
-33.97,-171.28,-24.26
-33.91,-171.46,-24.26
-33.86,-171.67,-24.26
-33.81,-171.87,-24.26
-33.76,-172.08,-24.26
-33.7,-172.28,-24.26
-33.64,-172.49,-24.26
-33.59,-172.69,-24.26
-33.53,-172.88,-24.36
-33.47,-173.08,-24.26
-33.43,-173.28,-24.36
-33.37,-173.49,-24.36
-33.31,-173.69,-24.36
-33.23,-173.88,-24.36
-33.14,-174.08,-24.36
-33.06,-174.27,-24.36
-32.97,-174.45,-24.36
-32.87,-174.64,-24.36
-32.77,-174.82,-24.36
-32.66,-174.99,-24.36
-32.55,-175.18,-24.36
-32.42,-175.33,-24.36
-32.28,-175.49,-24.36
-32.15,-175.64,-24.36
-32.0,-175.79,-24.36
-31.84,-175.92,-24.36
-31.71,-176.05,-24.46
-31.54,-176.16,-24.46
-31.38,-176.29,-24.46
-31.22,-176.38,-24.46
-31.04,-176.5,-24.46
-30.86,-176.59,-24.46
-30.68,-176.68,-24.46
-30.5,-176.76,-24.46
-30.31,-176.83,-24.46
-30.14,-176.9,-24.46
-29.94,-176.94,-24.46
-29.76,-177.0,-24.46
-29.57,-177.03,-24.46
-29.37,-177.07,-24.46
-29.18,-177.09,-24.46
-28.99,-177.09,-24.46
-28.8,-177.09,-24.46
-28.61,-177.09,-24.46
-28.42,-177.07,-24.46
-28.22,-177.03,-24.46
-28.04,-177.02,-24.46
-27.86,-176.96,-24.46
-27.68,-176.92,-24.46
-27.49,-176.87,-24.46
-27.32,-176.81,-24.56
-27.13,-176.76,-24.46
-26.94,-176.7,-24.46
-26.76,-176.64,-24.46
-26.57,-176.61,-24.46
-26.39,-176.53,-24.46
-26.21,-176.48,-24.46
-26.02,-176.42,-24.46
-25.83,-176.4,-24.46
-25.64,-176.38,-24.46
-25.45,-176.37,-24.46
-25.26,-176.35,-24.46
-25.06,-176.33,-24.46
-24.86,-176.31,-24.46
-24.68,-176.29,-24.46
-24.48,-176.27,-24.46
-24.29,-176.25,-24.46
-24.09,-176.25,-24.46
-23.9,-176.25,-24.46
-23.71,-176.24,-24.46
-23.51,-176.24,-24.46
-23.32,-176.24,-24.46
-23.13,-176.24,-24.46
-22.93,-176.25,-24.46
-22.74,-176.24,-24.46
-22.54,-176.24,-24.46
-22.35,-176.24,-24.46
-22.15,-176.22,-24.46
-21.96,-176.22,-24.46
-21.76,-176.2,-24.46
-21.56,-176.18,-24.46
-21.36,-176.18,-24.46
-21.17,-176.16,-24.46
-20.97,-176.16,-24.46
-20.77,-176.14,-24.46
-20.57,-176.14,-24.46
-20.37,-176.14,-24.46
-20.18,-176.14,-24.46
-19.97,-176.14,-24.46
-19.77,-176.14,-24.46
-19.57,-176.16,-24.46
-19.38,-176.14,-24.46
-19.17,-176.16,-24.46
-18.98,-176.16,-24.46
-18.77,-176.18,-24.46
-18.58,-176.2,-24.46
-18.37,-176.2,-24.46
-18.17,-176.22,-24.46
-17.97,-176.24,-24.46
-17.77,-176.27,-24.46
-17.58,-176.31,-24.46
-17.39,-176.35,-24.46
-17.18,-176.4,-24.46
-17.0,-176.44,-24.46
-16.81,-176.51,-24.46
-16.63,-176.59,-24.46
-16.44,-176.68,-24.46
-16.26,-176.77,-24.46
-16.09,-176.87,-24.46
-15.91,-176.98,-24.46
-15.75,-177.09,-24.46
-15.59,-177.22,-24.46
-15.43,-177.35,-24.46
-15.28,-177.48,-24.46
-15.13,-177.61,-24.46
-14.99,-177.76,-24.46
-14.85,-177.91,-24.46
-14.7,-178.06,-24.46
-14.56,-178.2,-24.46
-14.41,-178.33,-24.46
-14.27,-178.48,-24.46
-14.13,-178.63,-24.46
-13.99,-178.78,-24.46
-13.83,-178.93,-24.46
-13.69,-179.06,-24.46
-13.54,-179.19,-24.46
-13.39,-179.34,-24.56
-13.23,-179.47,-24.56
-13.07,-179.58,-24.56
-12.91,-179.71,-24.56
-12.74,-179.82,-24.56
-12.58,-179.95,-24.56
-12.41,-180.06,-24.56
-12.24,-180.17,-24.56
-12.07,-180.26,-24.56
-11.89,-180.38,-24.56
-11.72,-180.47,-24.56
-11.54,-180.56,-24.56
-11.35,-180.65,-24.56
-11.18,-180.75,-24.56
-10.99,-180.84,-24.56
-10.82,-180.91,-24.56
-10.63,-180.99,-24.56
-10.45,-181.08,-24.56
-10.26,-181.16,-24.56
-10.08,-181.21,-24.56
-9.88,-181.29,-24.56
-9.7,-181.34,-24.56
-9.5,-181.4,-24.56
-9.3,-181.45,-24.56
-9.12,-181.49,-24.56
-8.92,-181.55,-24.56
-8.73,-181.58,-24.56
-8.53,-181.62,-24.56
-8.34,-181.64,-24.56
-8.14,-181.66,-24.56
-7.95,-181.69,-24.56
-7.74,-181.69,-24.56
-7.55,-181.71,-24.56
-7.35,-181.75,-24.56
-7.16,-181.77,-24.56
-6.96,-181.77,-24.56
-6.77,-181.79,-24.56
-6.56,-181.81,-24.56
-6.37,-181.82,-24.56
-6.17,-181.82,-24.56
-5.98,-181.84,-24.56
-5.77,-181.84,-24.56
-5.59,-181.84,-24.56
-5.39,-181.84,-24.56
-5.19,-181.82,-24.56
-5.0,-181.82,-24.56
-4.8,-181.81,-24.56
-4.61,-181.77,-24.56
-4.42,-181.75,-24.56
-4.23,-181.71,-24.56
-4.04,-181.69,-24.56
-3.85,-181.66,-24.56
-3.66,-181.64,-24.56
-3.47,-181.6,-24.56
-3.28,-181.58,-24.56
-3.09,-181.53,-24.56
-2.9,-181.49,-24.56
-2.72,-181.45,-24.56
-2.53,-181.4,-24.56
-2.34,-181.36,-24.56
-2.15,-181.3,-24.56
-1.96,-181.25,-24.56
-1.78,-181.19,-24.56
-1.59,-181.12,-24.56
-1.41,-181.06,-24.56
-1.23,-181.01,-24.56
-1.05,-180.93,-24.56
-0.87,-180.86,-24.56
-0.7,-180.78,-24.56
-0.52,-180.71,-24.56
-0.34,-180.62,-24.56
-0.18,-180.54,-24.56
-0.01,-180.45,-24.56
0.15,-180.36,-24.56
0.31,-180.26,-24.56
0.48,-180.15,-24.46
0.62,-180.04,-24.56
0.76,-179.91,-24.46
0.89,-179.78,-24.46
1.01,-179.65,-24.46
1.14,-179.52,-24.46
1.28,-179.39,-24.46
1.42,-179.26,-24.46
1.56,-179.13,-24.46
1.7,-179.0,-24.46
1.83,-178.87,-24.46
1.97,-178.74,-24.46
2.1,-178.61,-24.46
2.22,-178.46,-24.46
2.34,-178.33,-24.46
2.46,-178.19,-24.46
2.57,-178.04,-24.46
2.69,-177.89,-24.46
2.8,-177.74,-24.46
2.9,-177.57,-24.46
3.0,-177.42,-24.46
3.1,-177.28,-24.46
3.19,-177.11,-24.46
3.29,-176.94,-24.46
3.38,-176.77,-24.46
3.46,-176.61,-24.46
3.54,-176.44,-24.46
3.62,-176.27,-24.46
3.7,-176.11,-24.46
3.79,-175.94,-24.46
3.87,-175.77,-24.46
3.95,-175.6,-24.46
4.02,-175.42,-24.46
4.09,-175.25,-24.36
4.16,-175.09,-24.36
4.21,-174.9,-24.36
4.26,-174.71,-24.36
4.32,-174.55,-24.36
4.37,-174.36,-24.36
4.42,-174.18,-24.36
4.47,-173.99,-24.36
4.51,-173.8,-24.36
4.55,-173.62,-24.36
4.58,-173.43,-24.36
4.61,-173.25,-24.36
4.63,-173.06,-24.36
4.65,-172.88,-24.36
4.67,-172.67,-24.36
4.69,-172.49,-24.36
4.7,-172.3,-24.36
4.7,-172.11,-24.36
4.71,-171.93,-24.36
4.71,-171.72,-24.36
4.7,-171.54,-24.36
4.7,-171.35,-24.36
4.68,-171.17,-24.36
4.67,-170.98,-24.36
4.65,-170.78,-24.36
4.63,-170.59,-24.36
4.61,-170.41,-24.36
4.58,-170.22,-24.36
4.54,-170.04,-24.36
4.51,-169.85,-24.36
4.46,-169.66,-24.36
4.42,-169.5,-24.36
4.37,-169.31,-24.36
4.32,-169.13,-24.36
4.28,-168.94,-24.36
4.25,-168.75,-24.36
4.24,-168.57,-24.36
4.23,-168.36,-24.36
4.24,-168.18,-24.36
4.26,-168.01,-24.36
4.29,-167.83,-24.36
4.34,-167.64,-24.36
4.39,-167.47,-24.36
4.46,-167.31,-24.36
4.53,-167.12,-24.36
4.62,-166.95,-24.36
4.71,-166.81,-24.36
4.81,-166.64,-24.36
4.92,-166.51,-24.36
5.04,-166.36,-24.36
5.16,-166.23,-24.36
5.3,-166.1,-24.36
5.44,-165.99,-24.26
5.57,-165.86,-24.26
5.71,-165.73,-24.26
5.84,-165.6,-24.26
5.97,-165.47,-24.26
6.11,-165.36,-24.26
6.25,-165.21,-24.26
6.39,-165.1,-24.26
6.54,-164.99,-24.26
6.68,-164.86,-24.26
6.84,-164.74,-24.26
7.0,-164.65,-24.26
7.15,-164.52,-24.26
7.29,-164.41,-24.26
7.45,-164.3,-24.26
7.59,-164.17,-24.26
7.74,-164.06,-24.26
7.9,-163.95,-24.26
8.04,-163.82,-24.26
8.2,-163.69,-24.26
8.36,-163.56,-24.26
8.54,-163.43,-24.26
8.71,-163.28,-24.26
8.9,-163.13,-24.26
9.09,-162.98,-24.26
9.28,-162.83,-24.26
9.46,-162.68,-24.26
9.65,-162.54,-24.26
9.84,-162.39,-24.26
10.02,-162.22,-24.26
10.2,-162.07,-24.26
10.38,-161.92,-24.26
10.56,-161.76,-24.26
10.75,-161.61,-24.26
10.92,-161.44,-24.26
11.1,-161.29,-24.26
11.27,-161.12,-24.26
11.45,-160.96,-24.26
11.62,-160.79,-24.26
11.8,-160.62,-24.26
11.97,-160.46,-24.26
12.14,-160.29,-24.26
12.31,-160.12,-24.26
12.47,-159.96,-24.26
12.65,-159.77,-24.16
12.81,-159.6,-24.16
12.97,-159.42,-24.16
13.14,-159.25,-24.16
13.31,-159.08,-24.16
13.49,-158.92,-24.16
13.66,-158.75,-24.16
13.84,-158.58,-24.16
14.03,-158.43,-24.16
14.21,-158.27,-24.16
14.39,-158.12,-24.16
14.58,-157.97,-24.16
14.77,-157.8,-24.16
14.95,-157.65,-24.16
15.15,-157.52,-24.16
15.34,-157.37,-24.16
15.54,-157.23,-24.16
15.73,-157.1,-24.16
15.93,-156.95,-24.16
16.12,-156.8,-24.16
16.31,-156.67,-24.16
16.49,-156.52,-24.16
16.67,-156.37,-24.16
16.86,-156.24,-24.16
17.03,-156.09,-24.16
17.21,-155.95,-24.16
17.37,-155.8,-24.16
17.55,-155.65,-24.16
17.72,-155.5,-24.16
17.89,-155.35,-24.16
18.06,-155.2,-24.16
18.22,-155.05,-24.16
18.39,-154.91,-24.16
18.55,-154.76,-24.16
18.72,-154.59,-24.16
18.88,-154.44,-24.16
19.04,-154.29,-24.16
19.2,-154.13,-24.16
19.36,-153.98,-24.16
19.51,-153.81,-24.16
19.67,-153.64,-24.16
19.82,-153.49,-24.16
19.98,-153.33,-24.16
20.13,-153.16,-24.16
20.28,-152.99,-24.16
20.43,-152.85,-24.16
20.58,-152.68,-24.16
20.72,-152.49,-24.16
20.87,-152.33,-24.16
21.01,-152.16,-24.16
21.16,-151.99,-24.16
21.31,-151.82,-24.16
21.44,-151.66,-24.16
21.6,-151.49,-24.16
21.75,-151.32,-24.16
21.89,-151.16,-24.16
22.04,-150.99,-24.16
22.2,-150.82,-24.16
22.34,-150.67,-24.16
22.5,-150.51,-24.16
22.65,-150.34,-24.16
22.8,-150.17,-24.16
22.96,-150.02,-24.16
23.11,-149.86,-24.16
23.27,-149.69,-24.16
23.43,-149.54,-24.16
23.58,-149.37,-24.16
23.74,-149.23,-24.16
23.9,-149.06,-24.16
24.06,-148.91,-24.16
24.23,-148.74,-24.16
24.38,-148.59,-24.16
24.55,-148.45,-24.16
24.7,-148.28,-24.16
24.88,-148.13,-24.16
25.04,-147.98,-24.16
25.2,-147.81,-24.16
25.37,-147.67,-24.16
25.54,-147.52,-24.16
25.71,-147.37,-24.16
25.88,-147.22,-24.16
26.04,-147.07,-24.16
26.22,-146.92,-24.16
26.39,-146.77,-24.16
26.56,-146.63,-24.16
26.73,-146.48,-24.16
26.9,-146.33,-24.16
27.07,-146.18,-24.16
27.23,-146.03,-24.16
27.4,-145.88,-24.16
27.56,-145.72,-24.16
27.73,-145.57,-24.16
27.89,-145.4,-24.16
28.05,-145.25,-24.16
28.21,-145.09,-24.16
28.37,-144.94,-24.16
28.53,-144.77,-24.16
28.69,-144.6,-24.16
28.84,-144.45,-24.16
29.0,-144.29,-24.16
29.16,-144.12,-24.16
29.31,-143.95,-24.16
29.46,-143.79,-24.16
29.59,-143.62,-24.16
29.71,-143.43,-24.16
29.84,-143.25,-24.16
29.96,-143.06,-24.16
30.07,-142.88,-24.16
30.18,-142.67,-24.16
30.28,-142.49,-24.16
30.38,-142.28,-24.16
30.46,-142.08,-24.16
30.55,-141.87,-24.16
30.62,-141.65,-24.16
30.7,-141.45,-24.16
30.76,-141.22,-24.16
30.82,-141.02,-24.16
30.87,-140.8,-24.16
30.92,-140.57,-24.16
30.96,-140.37,-24.16
30.99,-140.15,-24.16
31.02,-139.92,-24.16
31.04,-139.7,-24.16
31.06,-139.48,-24.16
31.07,-139.26,-24.16
31.06,-139.03,-24.16
31.03,-138.81,-24.16
30.98,-138.59,-24.16
30.92,-138.38,-24.16
30.84,-138.2,-24.16
30.75,-138.01,-24.16
30.63,-137.85,-24.16
30.49,-137.68,-24.16
30.36,-137.53,-24.26
30.21,-137.38,-24.16
30.09,-137.2,-24.26
29.97,-137.03,-24.26
29.83,-136.86,-24.26
29.69,-136.69,-24.26
29.57,-136.53,-24.26
29.4,-136.38,-24.26
29.22,-136.27,-24.26
29.05,-136.14,-24.26
28.88,-135.99,-24.26
28.7,-135.88,-24.26
28.51,-135.75,-24.26
28.33,-135.64,-24.26
28.15,-135.49,-24.26
27.98,-135.34,-24.26
27.82,-135.19,-24.26
27.65,-135.04,-24.26
27.49,-134.87,-24.26
27.32,-134.73,-24.26
27.16,-134.58,-24.26
27.0,-134.41,-24.26
26.85,-134.24,-24.26
26.7,-134.08,-24.26
26.54,-133.91,-24.26
26.38,-133.74,-24.26
26.22,-133.58,-24.26
26.06,-133.43,-24.26
25.9,-133.26,-24.26
25.72,-133.11,-24.26
25.55,-132.94,-24.26
25.4,-132.78,-24.26
25.23,-132.63,-24.26
25.08,-132.46,-24.26
24.91,-132.29,-24.26
24.75,-132.13,-24.26
24.6,-131.96,-24.26
24.44,-131.79,-24.26
24.28,-131.63,-24.26
24.13,-131.46,-24.26
23.97,-131.29,-24.26
23.82,-131.13,-24.26
23.66,-130.96,-24.26
23.51,-130.77,-24.26
23.36,-130.61,-24.26
23.21,-130.44,-24.26
23.05,-130.27,-24.26
22.91,-130.09,-24.26
22.75,-129.9,-24.26
22.61,-129.73,-24.26
22.46,-129.55,-24.26
22.31,-129.38,-24.26
22.17,-129.19,-24.26
22.02,-129.01,-24.26
21.88,-128.82,-24.26
21.74,-128.66,-24.26
21.59,-128.47,-24.26
21.45,-128.28,-24.26
21.31,-128.1,-24.26
21.17,-127.91,-24.26
21.03,-127.73,-24.26
20.9,-127.54,-24.26
20.76,-127.36,-24.26
20.62,-127.17,-24.26
20.49,-126.99,-24.26
20.35,-126.8,-24.26
20.22,-126.61,-24.26
20.1,-126.41,-24.26
19.96,-126.22,-24.26
19.83,-126.04,-24.26
19.71,-125.85,-24.26
19.57,-125.65,-24.26
19.43,-125.48,-24.26
19.3,-125.3,-24.26
19.16,-125.11,-24.26
19.01,-124.94,-24.26
18.88,-124.76,-24.26
18.73,-124.57,-24.26
18.58,-124.4,-24.26
18.44,-124.22,-24.26
18.28,-124.05,-24.26
18.13,-123.89,-24.26
17.99,-123.7,-24.36
17.84,-123.51,-24.26
17.7,-123.35,-24.36
17.56,-123.16,-24.36
17.41,-122.98,-24.36
17.28,-122.81,-24.36
17.14,-122.62,-24.36
16.99,-122.44,-24.36
16.86,-122.25,-24.26
16.72,-122.07,-24.36
16.58,-121.88,-24.36
16.45,-121.69,-24.36
16.32,-121.51,-24.36
16.18,-121.3,-24.36
16.06,-121.12,-24.36
15.92,-120.93,-24.36
15.79,-120.75,-24.36
15.67,-120.54,-24.36
15.54,-120.36,-24.36
15.41,-120.17,-24.36
15.27,-119.97,-24.36
15.16,-119.78,-24.36
15.03,-119.58,-24.36
14.9,-119.39,-24.36
14.79,-119.19,-24.36
14.67,-118.98,-24.36
14.55,-118.8,-24.36
14.43,-118.59,-24.36
14.3,-118.41,-24.36
14.17,-118.2,-24.36
14.04,-118.02,-24.36
13.91,-117.83,-24.36
13.79,-117.63,-24.36
13.65,-117.44,-24.36
13.53,-117.24,-24.36
13.39,-117.05,-24.36
13.25,-116.87,-24.36
13.13,-116.68,-24.36
12.99,-116.5,-24.36
12.85,-116.31,-24.36
12.72,-116.11,-24.36
12.58,-115.92,-24.36
12.44,-115.74,-24.36
12.31,-115.55,-24.36
12.17,-115.36,-24.36
12.02,-115.2,-24.36
11.88,-115.01,-24.36
11.74,-114.83,-24.36
11.59,-114.64,-24.36
11.45,-114.45,-24.36
11.31,-114.29,-24.36
11.17,-114.1,-24.36
11.02,-113.92,-24.36
10.87,-113.75,-24.36
10.73,-113.56,-24.36
10.6,-113.38,-24.36
10.46,-113.19,-24.36
10.33,-113.01,-24.36
10.19,-112.82,-24.36
10.06,-112.64,-24.36
9.93,-112.43,-24.36
9.8,-112.25,-24.36
9.67,-112.04,-24.36
9.54,-111.86,-24.36
9.43,-111.65,-24.36
9.3,-111.47,-24.36
9.18,-111.26,-24.46
9.07,-111.06,-24.36
8.95,-110.85,-24.36
8.83,-110.67,-24.36
8.72,-110.48,-24.46
8.63,-110.3,-24.36
8.54,-110.13,-24.36
8.44,-109.96,-24.46
8.36,-109.81,-24.36
8.29,-109.68,-24.36
8.21,-109.54,-24.46
8.13,-109.41,-24.46
8.06,-109.28,-24.46
7.99,-109.16,-24.46
7.92,-109.05,-24.46
7.85,-108.92,-24.46
7.79,-108.81,-24.46
7.72,-108.7,-24.46
7.65,-108.61,-24.46
7.58,-108.5,-24.46
7.52,-108.38,-24.46
7.46,-108.29,-24.46
7.39,-108.2,-24.46
7.32,-108.09,-24.46
7.25,-107.98,-24.46
7.17,-107.86,-24.46
7.09,-107.73,-24.46
7.01,-107.62,-24.46
6.93,-107.49,-24.46
6.83,-107.38,-24.46
6.75,-107.25,-24.46
6.66,-107.12,-24.46
6.57,-106.99,-24.46
6.47,-106.86,-24.46
6.38,-106.73,-24.46
6.28,-106.62,-24.46
6.18,-106.49,-24.46
6.09,-106.34,-24.46
5.99,-106.23,-24.46
5.89,-106.1,-24.46
5.79,-105.97,-24.46
5.69,-105.84,-24.46
5.58,-105.73,-24.46
5.48,-105.6,-24.46
5.38,-105.47,-24.36
5.27,-105.34,-24.36
5.16,-105.23,-24.36
5.05,-105.1,-24.36
4.95,-104.99,-24.36
4.84,-104.86,-24.36
4.73,-104.73,-24.36
4.62,-104.62,-24.36
4.51,-104.49,-24.36
4.39,-104.37,-24.36
4.27,-104.24,-24.36
4.17,-104.11,-24.36
4.05,-104.0,-24.36
3.93,-103.89,-24.36
3.81,-103.76,-24.36
3.7,-103.65,-24.36
3.58,-103.54,-24.36
3.45,-103.41,-24.36
3.34,-103.3,-24.36
3.22,-103.19,-24.36
3.09,-103.06,-24.36
2.98,-102.94,-24.36
2.85,-102.83,-24.36
2.73,-102.72,-24.36
2.6,-102.61,-24.36
2.49,-102.5,-24.36
2.36,-102.39,-24.36
2.23,-102.28,-24.36
2.12,-102.18,-24.36
1.99,-102.07,-24.36
1.86,-101.96,-24.36
1.74,-101.87,-24.36
1.61,-101.76,-24.36
1.48,-101.65,-24.36
1.34,-101.55,-24.36
1.21,-101.46,-24.36
1.07,-101.39,-24.36
0.93,-101.29,-24.36
0.78,-101.22,-24.36
0.63,-101.16,-24.36
0.48,-101.11,-24.36
0.32,-101.03,-24.36
0.15,-101.0,-24.36
-0.0,-100.94,-24.36
-0.17,-100.9,-24.36
-0.33,-100.87,-24.36
-0.5,-100.85,-24.36
-0.67,-100.83,-24.36
-0.83,-100.81,-24.36
-1.0,-100.81,-24.36
-1.16,-100.81,-24.36
-1.33,-100.81,-24.36
-1.51,-100.83,-24.36
-1.67,-100.87,-24.46
-1.83,-100.9,-24.46
-1.99,-100.94,-24.46
-2.15,-101.0,-24.46
-2.31,-101.05,-24.46
-2.45,-101.13,-24.46
-2.61,-101.2,-24.46
-2.75,-101.27,-24.46
-2.9,-101.35,-24.46
-3.06,-101.42,-24.46
-3.21,-101.5,-24.46
-3.37,-101.55,-24.46
-3.53,-101.63,-24.46
-3.68,-101.7,-24.46
-3.84,-101.76,-24.46
-4.0,-101.83,-24.46
-4.16,-101.91,-24.46
-4.32,-101.96,-24.46
-4.47,-102.04,-24.46
-4.64,-102.11,-24.46
-4.79,-102.18,-24.46
-4.94,-102.28,-24.46
-5.09,-102.37,-24.56
-5.23,-102.46,-24.56
-5.38,-102.55,-24.56
-5.53,-102.65,-24.56
-5.68,-102.76,-24.56
-5.85,-102.87,-24.56
-6.02,-103.02,-24.56
-6.2,-103.15,-24.56
-6.39,-103.3,-24.56
-6.59,-103.43,-24.56
-6.8,-103.56,-24.56
-7.0,-103.69,-24.56
-7.22,-103.82,-24.56
-7.43,-103.93,-24.56
-7.64,-104.06,-24.56
-7.84,-104.19,-24.56
-8.06,-104.3,-24.56
-8.26,-104.43,-24.56
-8.47,-104.56,-24.56
-8.68,-104.67,-24.56
-8.89,-104.8,-24.66
-9.09,-104.91,-24.56
-9.28,-105.02,-24.66
-9.45,-105.12,-24.66
-9.62,-105.21,-24.66
-9.77,-105.3,-24.66
-9.93,-105.4,-24.66
-10.08,-105.47,-24.66
-10.22,-105.54,-24.66
-10.37,-105.62,-24.66
-10.51,-105.69,-24.66
-10.64,-105.77,-24.66
-10.77,-105.84,-24.66
-10.9,-105.9,-24.66
-11.17,-106.04,-24.66
-11.32,-106.12,-24.66
-11.47,-106.19,-24.66
-11.63,-106.27,-24.66
-11.8,-106.34,-24.66
-11.97,-106.45,-24.66
-12.15,-106.55,-24.66
-12.32,-106.66,-24.66
-12.51,-106.77,-24.66
-12.69,-106.88,-24.66
-12.88,-106.99,-24.66
-13.06,-107.12,-24.66
-13.25,-107.25,-24.66
-13.42,-107.38,-24.66
-13.61,-107.51,-24.66
-13.79,-107.64,-24.66
-13.97,-107.77,-24.66
-14.15,-107.92,-24.66
-14.32,-108.05,-24.66
-14.51,-108.2,-24.66
-14.68,-108.33,-24.66
-14.85,-108.48,-24.66
-15.03,-108.63,-24.66
-15.2,-108.77,-24.66
-15.38,-108.9,-24.66
-15.54,-109.05,-24.66
-15.74,-109.18,-24.66
-15.92,-109.31,-24.66
-16.11,-109.44,-24.66
-16.3,-109.57,-24.66
-16.49,-109.7,-24.66
-16.68,-109.81,-24.56
-16.88,-109.94,-24.66
-17.07,-110.05,-24.56
-17.28,-110.17,-24.56
-17.48,-110.28,-24.56
-17.68,-110.39,-24.56
-17.89,-110.5,-24.56
-18.1,-110.61,-24.56
-18.3,-110.7,-24.56
-18.51,-110.82,-24.56
-18.72,-110.91,-24.56
-18.93,-111.0,-24.56
-19.14,-111.09,-24.56
-19.36,-111.19,-24.56
-19.58,-111.28,-24.56
-19.8,-111.37,-24.56
-19.99,-111.48,-24.56
-20.19,-111.6,-24.56
-20.39,-111.71,-24.56
-20.59,-111.82,-24.56
-20.78,-111.95,-24.56
-20.98,-112.06,-24.56
-21.18,-112.17,-24.56
-21.39,-112.28,-24.56
-21.59,-112.39,-24.56
-21.8,-112.51,-24.56
-22.0,-112.62,-24.56
-22.21,-112.73,-24.56
-22.42,-112.84,-24.56
-22.63,-112.95,-24.56
-22.84,-113.04,-24.56
-23.05,-113.15,-24.56
-23.26,-113.27,-24.56
-23.48,-113.36,-24.56
-23.68,-113.45,-24.56
-23.91,-113.54,-24.56
-24.12,-113.62,-24.56
-24.35,-113.69,-24.56
-24.57,-113.77,-24.56
-24.81,-113.8,-24.56
-25.03,-113.84,-24.56
-25.27,-113.86,-24.56
-25.51,-113.84,-24.56
-25.73,-113.8,-24.56
-25.96,-113.77,-24.56
-26.18,-113.69,-24.56
-26.39,-113.58,-24.56
-26.6,-113.47,-24.56
-26.79,-113.32,-24.56
-26.94,-113.15,-24.56
-27.11,-112.99,-24.56
-27.24,-112.8,-24.56
-27.34,-112.6,-24.56
-27.48,-112.41,-24.56
-27.62,-112.23,-24.56
-27.75,-112.04,-24.56
-27.9,-111.86,-24.56
-28.04,-111.67,-24.56
-28.14,-111.47,-24.56
-28.26,-111.26,-24.56
-28.38,-111.06,-24.46
-28.49,-110.85,-24.46
-28.59,-110.63,-24.56
-28.7,-110.43,-24.46
-28.8,-110.2,-24.46
-28.9,-109.98,-24.46
-28.99,-109.78,-24.46
-29.09,-109.55,-24.46
-29.19,-109.33,-24.46
-29.29,-109.11,-24.46
-29.38,-108.9,-24.46
-29.47,-108.68,-24.46
-29.56,-108.46,-24.46
-29.66,-108.24,-24.46
-29.75,-108.01,-24.46
-29.83,-107.79,-24.46
-29.92,-107.57,-24.46
-30.01,-107.33,-24.46
-30.1,-107.1,-24.46
-30.17,-106.88,-24.46
-30.26,-106.66,-24.46
-30.34,-106.43,-24.46
-30.42,-106.21,-24.46
-30.5,-105.99,-24.46
-30.58,-105.75,-24.46
-30.65,-105.53,-24.36
-30.72,-105.3,-24.36
-30.81,-105.08,-24.36
-30.89,-104.86,-24.36
-30.98,-104.63,-24.36
-31.05,-104.41,-24.36
-31.14,-104.19,-24.36
-31.23,-103.97,-24.36
-31.31,-103.74,-24.36
-31.39,-103.52,-24.36
-31.48,-103.32,-24.36
-31.57,-103.09,-24.36
-31.66,-102.87,-24.36
-31.76,-102.65,-24.36
-31.84,-102.42,-24.36
-31.94,-102.22,-24.36
-32.03,-102.0,-24.36
-32.13,-101.78,-24.36
-32.22,-101.55,-24.26
-32.31,-101.35,-24.26
-32.41,-101.13,-24.26
-32.51,-100.9,-24.26
-32.61,-100.7,-24.26
-32.71,-100.48,-24.26
-32.8,-100.27,-24.26
-32.9,-100.07,-24.26
-33.0,-99.86,-24.26
-33.09,-99.66,-24.26
-33.2,-99.45,-24.16
-33.29,-99.25,-24.16
-33.4,-99.05,-24.16
-33.49,-98.84,-24.16
-33.59,-98.66,-24.16
-33.69,-98.45,-24.16
-33.8,-98.27,-24.16
-33.89,-98.06,-24.06
-33.99,-97.88,-24.06
-34.11,-97.67,-24.06
-34.22,-97.49,-24.06
-34.31,-97.3,-24.06
-34.42,-97.1,-24.06
-34.55,-96.93,-24.06
-34.66,-96.74,-23.96
-34.78,-96.58,-23.96
-34.9,-96.41,-23.96
-35.02,-96.24,-23.96
-35.15,-96.08,-23.96
-35.28,-95.93,-23.86
-35.41,-95.76,-23.86
-35.51,-95.59,-23.86
-35.62,-95.43,-23.86
-35.74,-95.26,-23.86
-35.85,-95.09,-23.76
-35.95,-94.92,-23.76
-36.05,-94.78,-23.76
-36.16,-94.61,-23.76
-36.26,-94.44,-23.76
-36.34,-94.28,-23.76
-36.43,-94.11,-23.66
-36.51,-93.96,-23.66
-36.59,-93.85,-23.66
-36.66,-93.74,-23.66
-36.71,-93.63,-23.66
-36.77,-93.53,-23.66
-36.82,-93.44,-23.56
-36.87,-93.35,-23.56
-36.92,-93.27,-23.56
-36.96,-93.2,-23.56
-37.01,-93.11,-23.56
-37.05,-93.03,-23.56
-37.11,-92.94,-23.56
-37.15,-92.86,-23.46
-37.2,-92.75,-23.46
-37.26,-92.66,-23.46
-37.32,-92.57,-23.46
-37.37,-92.46,-23.46
-37.44,-92.34,-23.46
-37.51,-92.25,-23.46
-37.58,-92.16,-23.46
-37.66,-92.07,-23.46
-37.74,-91.94,-23.46
-37.81,-91.82,-23.36
-37.89,-91.73,-23.36
-37.96,-91.62,-23.36
-38.05,-91.51,-23.36
-38.14,-91.4,-23.36
-38.21,-91.3,-23.26
-38.29,-91.21,-23.26
-38.38,-91.1,-23.26
-38.45,-91.03,-23.26
-38.52,-90.93,-23.26
-38.6,-90.84,-23.26
-38.67,-90.77,-23.26
-38.74,-90.69,-23.26
-38.8,-90.62,-23.26
-38.86,-90.54,-23.26
-38.92,-90.49,-23.26
-38.98,-90.45,-23.26
-39.02,-90.4,-23.26
-39.06,-90.38,-23.26
-39.1,-90.36,-23.26
-39.12,-90.32,-23.26
-39.15,-90.3,-23.26
-39.17,-90.28,-23.26
-39.19,-90.27,-23.26
-39.21,-90.25,-23.26
-39.22,-90.25,-23.26
-39.24,-90.21,-23.26
-39.25,-90.19,-23.26
-39.26,-90.19,-23.26
-39.26,-90.17,-23.16
-39.27,-90.17,-23.16
-39.27,-90.17,-23.16
-39.28,-90.17,-23.16
-39.28,-90.17,-23.16
-39.29,-90.15,-23.16
-39.29,-90.15,-23.16
-39.29,-90.15,-23.16
-39.29,-90.15,-23.16
-39.3,-90.15,-23.16
-39.3,-90.15,-23.16
-39.3,-90.15,-23.16
-39.3,-90.14,-23.06
-39.31,-90.15,-23.06
-39.31,-90.15,-23.06
-39.31,-90.15,-23.06
-39.31,-90.15,-23.06
-39.32,-90.15,-23.06
-39.32,-90.15,-23.06
-39.32,-90.15,-23.06
-39.33,-90.15,-23.06
-39.33,-90.14,-23.06
-39.33,-90.15,-23.06
-39.33,-90.15,-23.06
-39.34,-90.14,-23.06
-39.34,-90.15,-23.06
-39.34,-90.15,-23.06
-39.35,-90.14,-23.06
-39.35,-90.14,-23.06
-39.35,-90.15,-23.06
-39.35,-90.14,-23.06
-39.36,-90.15,-23.06
-39.36,-90.14,-22.96
-39.37,-90.12,-22.96
-39.37,-90.12,-22.96
-39.38,-90.12,-22.96
-39.38,-90.1,-22.96
-39.39,-90.1,-22.96
-39.39,-90.1,-22.96
-39.38,-90.08,-22.96
-39.38,-90.08,-22.96
-39.39,-90.08,-22.96
-39.38,-90.08,-22.96
-39.39,-90.08,-22.96
-39.39,-90.08,-22.96
-39.39,-90.08,-22.96
-39.4,-90.06,-22.96
-39.4,-90.06,-22.86
-39.41,-90.06,-22.86
-39.41,-90.06,-22.86
-39.41,-90.06,-22.86
-39.41,-90.04,-22.86
-39.42,-90.04,-22.86
-39.42,-90.04,-22.86
-39.42,-90.04,-22.86
-39.43,-90.02,-22.86
-39.43,-90.02,-22.86
-39.43,-90.02,-22.86
-39.43,-90.02,-22.86
-39.43,-90.04,-22.86
